{
  "properties": {
    "connectionReferences": {},
    "definition": {
      "$schema": "https://schema.management.azure.com/providers/Microsoft.Logic/schemas/2016-06-01/workflowdefinition.json#",
      "contentVersion": "1.0.0.0",
      "parameters": {
        "$authentication": {
          "defaultValue": {},
          "type": "SecureObject"
        },
        "MockarooAPIKey (ds__MockarooAPIKey)": {
          "defaultValue": "495283e0",
          "type": "String",
          "metadata": {
            "schemaName": "ds__MockarooAPIKey"
          }
        },
        "MockarooSchema (ds__MockarooSchema)": {
          "defaultValue": "PowerAppData",
          "type": "String",
          "metadata": {
            "schemaName": "ds__MockarooSchema"
          }
        }
      },
      "triggers": {
        "manual": {
          "metadata": {
            "operationMetadataId": "e510b57b-a948-48ba-bb03-271a98684f70"
          },
          "type": "Request",
          "kind": "PowerAppV2",
          "inputs": {
            "schema": {
              "type": "object",
              "properties": {
                "number": {
                  "title": "getCOUNT",
                  "type": "number",
                  "x-ms-dynamically-added": true,
                  "description": "1",
                  "x-ms-content-hint": "NUMBER"
                }
              },
              "required": [
                "number"
              ]
            }
          }
        }
      },
      "actions": {
        "HTTP": {
          "runAfter": {},
          "metadata": {
            "operationMetadataId": "848fede1-9ef5-44c2-bed4-a3cda8f08dae"
          },
          "type": "Http",
          "inputs": {
            "method": "POST",
            "uri": "https://api.mockaroo.com/api/generate.json",
            "headers": {
              "X-API-Key": "@parameters('MockarooAPIKey (ds__MockarooAPIKey)')"
            },
            "queries": {
              "schema": "@parameters('MockarooSchema (ds__MockarooSchema)')",
              "count": "@{triggerBody()['number']}"
            }
          }
        },
        "Response": {
          "runAfter": {
            "HTTP": [
              "Succeeded"
            ]
          },
          "metadata": {
            "operationMetadataId": "f28373c9-a5fa-478f-b989-be5fecc5b070"
          },
          "type": "Response",
          "kind": "Http",
          "inputs": {
            "statusCode": 200,
            "body": "@body('HTTP')",
            "schema": {
              "type": "array",
              "items": {
                "type": "object",
                "properties": {
                  "id": {
                    "type": "integer"
                  },
                  "first_name": {
                    "type": "string"
                  },
                  "last_name": {
                    "type": "string"
                  },
                  "email": {
                    "type": "string"
                  },
                  "gender": {
                    "type": "string"
                  },
                  "ip_address": {
                    "type": "string"
                  }
                },
                "required": [
                  "id",
                  "first_name",
                  "last_name",
                  "email",
                  "gender",
                  "ip_address"
                ]
              }
            }
          }
        }
      }
    }
  },
  "schemaVersion": "1.0.0.0"
}