<ImportExportXml xmlns:xsi="http://www.w3.org/2001/XMLSchema-instance">
  <Entities></Entities>
  <Roles></Roles>
  <Workflows>
    <Workflow WorkflowId="{078e3be7-70f9-ec11-bb3d-00224802a238}" Name="GetMockarooData">
      <JsonFileName>/Workflows/GetMockarooData-078E3BE7-70F9-EC11-BB3D-00224802A238.json</JsonFileName>
      <Type>1</Type>
      <Subprocess>0</Subprocess>
      <Category>5</Category>
      <Mode>0</Mode>
      <Scope>4</Scope>
      <OnDemand>0</OnDemand>
      <TriggerOnCreate>0</TriggerOnCreate>
      <TriggerOnDelete>0</TriggerOnDelete>
      <AsyncAutodelete>0</AsyncAutodelete>
      <SyncWorkflowLogOnFailure>0</SyncWorkflowLogOnFailure>
      <StateCode>1</StateCode>
      <StatusCode>2</StatusCode>
      <RunAs>1</RunAs>
      <IsTransacted>1</IsTransacted>
      <IntroducedVersion>1.0.0.0</IntroducedVersion>
      <IsCustomizable>1</IsCustomizable>
      <BusinessProcessType>0</BusinessProcessType>
      <IsCustomProcessingStepAllowedForOtherPublishers>1</IsCustomProcessingStepAllowedForOtherPublishers>
      <PrimaryEntity>none</PrimaryEntity>
      <LocalizedNames>
        <LocalizedName languagecode="1033" description="GetMockarooData" />
      </LocalizedNames>
    </Workflow>
    <Workflow WorkflowId="{088e3be7-70f9-ec11-bb3d-00224802a238}" Name="Clean up">
      <JsonFileName>/Workflows/Cleanup-088E3BE7-70F9-EC11-BB3D-00224802A238.json</JsonFileName>
      <Type>1</Type>
      <Subprocess>0</Subprocess>
      <Category>5</Category>
      <Mode>0</Mode>
      <Scope>4</Scope>
      <OnDemand>0</OnDemand>
      <TriggerOnCreate>0</TriggerOnCreate>
      <TriggerOnDelete>0</TriggerOnDelete>
      <AsyncAutodelete>0</AsyncAutodelete>
      <SyncWorkflowLogOnFailure>0</SyncWorkflowLogOnFailure>
      <StateCode>1</StateCode>
      <StatusCode>2</StatusCode>
      <RunAs>1</RunAs>
      <IsTransacted>1</IsTransacted>
      <IntroducedVersion>1.0.0.0</IntroducedVersion>
      <IsCustomizable>1</IsCustomizable>
      <BusinessProcessType>0</BusinessProcessType>
      <IsCustomProcessingStepAllowedForOtherPublishers>1</IsCustomProcessingStepAllowedForOtherPublishers>
      <PrimaryEntity>none</PrimaryEntity>
      <LocalizedNames>
        <LocalizedName languagecode="1033" description="Clean up" />
      </LocalizedNames>
    </Workflow>
    <Workflow WorkflowId="{098e3be7-70f9-ec11-bb3d-00224802a238}" Name="MOCDATA DOCUMENT" Description="Create one or more actions to happen when a button or link in Power Apps is selected. To use this flow from a Power App, select the control you want to trigger the flow and go to the Action tab in the Power Apps ribbon and select Flows.">
      <JsonFileName>/Workflows/MOCDATADOCUMENT-098E3BE7-70F9-EC11-BB3D-00224802A238.json</JsonFileName>
      <Type>1</Type>
      <Subprocess>0</Subprocess>
      <Category>5</Category>
      <Mode>0</Mode>
      <Scope>4</Scope>
      <OnDemand>0</OnDemand>
      <TriggerOnCreate>0</TriggerOnCreate>
      <TriggerOnDelete>0</TriggerOnDelete>
      <AsyncAutodelete>0</AsyncAutodelete>
      <SyncWorkflowLogOnFailure>0</SyncWorkflowLogOnFailure>
      <StateCode>1</StateCode>
      <StatusCode>2</StatusCode>
      <RunAs>1</RunAs>
      <IsTransacted>1</IsTransacted>
      <IntroducedVersion>1.0.0.0</IntroducedVersion>
      <IsCustomizable>1</IsCustomizable>
      <BusinessProcessType>0</BusinessProcessType>
      <IsCustomProcessingStepAllowedForOtherPublishers>1</IsCustomProcessingStepAllowedForOtherPublishers>
      <PrimaryEntity>none</PrimaryEntity>
      <LocalizedNames>
        <LocalizedName languagecode="1033" description="MOCDATA DOCUMENT" />
      </LocalizedNames>
      <Descriptions>
        <Description languagecode="1033" description="Create one or more actions to happen when a button or link in Power Apps is selected. To use this flow from a Power App, select the control you want to trigger the flow and go to the Action tab in the Power Apps ribbon and select Flows." />
      </Descriptions>
    </Workflow>
  </Workflows>
  <FieldSecurityProfiles></FieldSecurityProfiles>
  <Templates />
  <EntityMaps />
  <EntityRelationships />
  <OrganizationSettings />
  <optionsets />
  <CustomControls />
  <EntityDataProviders />
  <CanvasApps>
    <CanvasApp>
      <Name>ds__mockarooapi_e12eb</Name>
      <AppVersion>2022-07-03T15:51:13Z</AppVersion>
      <Status>Ready</Status>
      <CreatedByClientVersion>3.22062.5.0</CreatedByClientVersion>
      <MinClientVersion>3.22062.5.0</MinClientVersion>
      <Tags>{"primaryDeviceWidth":"1366","primaryDeviceHeight":"768","supportsPortrait":"true","supportsLandscape":"true","primaryFormFactor":"Tablet","publisherVersion":"3.22062.5","minimumRequiredApiVersion":"2.2.0","hasComponent":"false","hasUnlockedComponent":"false","isUnifiedRootApp":"false","sienaVersion":"20220702T173509Z-3.22062.5.0"}</Tags>
      <IsCdsUpgraded>0</IsCdsUpgraded>
      <GalleryItemId xsi:nil="true"></GalleryItemId>
      <BackgroundColor>rgba(99, 139, 44, 1)</BackgroundColor>
      <DisplayName>Mock-A-Roo API</DisplayName>
      <Description xsi:nil="true"></Description>
      <CommitMessage xsi:nil="true"></CommitMessage>
      <Publisher xsi:nil="true"></Publisher>
      <AuthorizationReferences>[]</AuthorizationReferences>
      <ConnectionReferences>{"84bcaa13-0f6b-4727-996d-b2dd0c7ca951":{"id":"/providers/microsoft.powerapps/apis/shared_logicflows","displayName":"Logic flows","iconUri":"https://connectoricons-prod.azureedge.net/releases/v1.0.1534/1.0.1534.2605/logicflows/icon.png","dataSources":["GetMockarooData"],"dependencies":[],"dependents":[],"parameterHints":{"workflowName":{"value":"04987465-0faa-4686-9566-06125936579d"},"workflowEntityId":{"value":"078e3be7-70f9-ec11-bb3d-00224802a238"}},"parameterHintsV2":{"workflowName":{"value":"04987465-0faa-4686-9566-06125936579d"},"workflowEntityId":{"value":"078e3be7-70f9-ec11-bb3d-00224802a238"}},"isOnPremiseConnection":false,"bypassConsent":false,"dataSets":{},"apiTier":"Standard","actions":["Run"],"isCustomApiSolutionAware":false},"11b3de16-6731-45ef-a3a6-fad856de3230":{"id":"/providers/microsoft.powerapps/apis/shared_logicflows","displayName":"Logic flows","iconUri":"https://connectoricons-prod.azureedge.net/releases/v1.0.1534/1.0.1534.2605/logicflows/icon.png","dataSources":["MOCDATADOCUMENT"],"dependencies":["0be67b57-7b32-41dd-a62d-aa87e9d041dc","788685ce-dd33-4502-bf12-bcbf7dc5d6ca"],"dependents":[],"parameterHints":{"workflowName":{"value":"f6535674-e7cf-490d-970d-3a0f8b9aa52b"},"workflowEntityId":{"value":"098e3be7-70f9-ec11-bb3d-00224802a238"},"0be67b57-7b32-41dd-a62d-aa87e9d041dc":{"value":"shared_sharepointonline_1"},"788685ce-dd33-4502-bf12-bcbf7dc5d6ca":{"value":"shared_wordonlinebusiness_1"}},"parameterHintsV2":{"workflowName":{"value":"f6535674-e7cf-490d-970d-3a0f8b9aa52b"},"workflowEntityId":{"value":"098e3be7-70f9-ec11-bb3d-00224802a238"},"shared_sharepointonline_1":{"value":"0be67b57-7b32-41dd-a62d-aa87e9d041dc"},"shared_wordonlinebusiness_1":{"value":"788685ce-dd33-4502-bf12-bcbf7dc5d6ca"}},"isOnPremiseConnection":false,"bypassConsent":false,"dataSets":{},"apiTier":"Standard","actions":["Run"],"isCustomApiSolutionAware":false},"0be67b57-7b32-41dd-a62d-aa87e9d041dc":{"id":"/providers/microsoft.powerapps/apis/shared_sharepointonline","displayName":"SharePoint","iconUri":"https://connectoricons-prod.azureedge.net/releases/v1.0.1578/1.0.1578.2813/sharepointonline/icon.png","dataSources":[],"dependencies":[],"dependents":["11b3de16-6731-45ef-a3a6-fad856de3230"],"parameterHints":{},"parameterHintsV2":{},"isOnPremiseConnection":false,"bypassConsent":false,"dataSets":{},"apiTier":"Standard","isCustomApiSolutionAware":false},"788685ce-dd33-4502-bf12-bcbf7dc5d6ca":{"id":"/providers/microsoft.powerapps/apis/shared_wordonlinebusiness","displayName":"Word Online (Business)","iconUri":"https://connectoricons-prod.azureedge.net/releases/v1.0.1574/1.0.1574.2782/wordonlinebusiness/icon.png","dataSources":[],"dependencies":[],"dependents":["11b3de16-6731-45ef-a3a6-fad856de3230"],"parameterHints":{},"parameterHintsV2":{},"isOnPremiseConnection":false,"bypassConsent":false,"dataSets":{},"apiTier":"Premium","isCustomApiSolutionAware":false},"0d03421e-51f8-40d7-bf3c-a5d6c252265f":{"id":"/providers/microsoft.powerapps/apis/shared_mockaroo-20custom-20connector-5f46ce30abbd87e57-08fdcd37260dd2c5","displayName":"Mockaroo Custom Connector","iconUri":"https://prodapiicons.cdn.powerappscdn.net/20220701t000000z6793c2eaa928427db159bd1cb92a21fc/customconnectoricon.png","dataSources":["MockarooCollection"],"dependencies":[],"dependents":[],"parameterHints":{},"parameterHintsV2":{},"isOnPremiseConnection":false,"bypassConsent":false,"dataSets":{},"apiTier":"Standard","actions":["Get-MocData"],"customApiLogicalName":"ds__mockaroo-20custom-20connector","isCustomApiSolutionAware":true}}</ConnectionReferences>
      <DatabaseReferences>{}</DatabaseReferences>
      <AppComponents>[]</AppComponents>
      <AppComponentDependencies>[]</AppComponentDependencies>
      <CanConsumeAppPass>1</CanConsumeAppPass>
      <CanvasAppType>0</CanvasAppType>
      <BypassConsent>0</BypassConsent>
      <AdminControlBypassConsent>0</AdminControlBypassConsent>
      <EmbeddedApp xsi:nil="true"></EmbeddedApp>
      <IntroducedVersion>1.0</IntroducedVersion>
      <CdsDependencies>{"cdsdependencies":[{"logicalname":"ds__mockaroo-20custom-20connector","componenttype":372,"componenttypeplatformname":"connector"}]}</CdsDependencies>
      <IsCustomizable>1</IsCustomizable>
      <BackgroundImageUri>/CanvasApps/ds__mockarooapi_e12eb_BackgroundImageUri</BackgroundImageUri>
      <DocumentUri>/CanvasApps/ds__mockarooapi_e12eb_DocumentUri.msapp</DocumentUri>
    </CanvasApp>
  </CanvasApps>
  <Connectors>
    <Connector>
      <connectorid>fcfc15bc-f338-4711-8f06-9dc0e9a5a38b</connectorid>
      <description>Mockaroo Collection</description>
      <displayname>Mockaroo Custom Connector</displayname>
      <iconbrandcolor>#007ee5</iconbrandcolor>
      <name>ds__mockaroo-20custom-20connector</name>
      <connectortype>1</connectortype>
      <openapidefinition>/Connector/ds__mockaroo-20custom-20connector_openapidefinition.json</openapidefinition>
      <connectionparameters>/Connector/ds__mockaroo-20custom-20connector_connectionparameters.json</connectionparameters>
      <policytemplateinstances>/Connector/ds__mockaroo-20custom-20connector_policytemplateinstances.json</policytemplateinstances>
      <iconblob>/Connector/ds__mockaroo-20custom-20connector_iconblob.Png</iconblob>
    </Connector>
  </Connectors>
  <connectionreferences>
    <connectionreference connectionreferencelogicalname="ds__ConnectionReferencetoSharePoint">
      <connectionreferencedisplayname>Connection Reference to SharePoint</connectionreferencedisplayname>
      <connectorid>/providers/Microsoft.PowerApps/apis/shared_sharepointonline</connectorid>
      <iscustomizable>1</iscustomizable>
      <statecode>0</statecode>
      <statuscode>1</statuscode>
    </connectionreference>
    <connectionreference connectionreferencelogicalname="ds__sharedwordonlinebusiness_18fc0">
      <connectionreferencedisplayname>Connection Refrence to Word</connectionreferencedisplayname>
      <connectorid>/providers/Microsoft.PowerApps/apis/shared_wordonlinebusiness</connectorid>
      <iscustomizable>1</iscustomizable>
      <statecode>0</statecode>
      <statuscode>1</statuscode>
    </connectionreference>
  </connectionreferences>
  <Languages>
    <Language>1033</Language>
  </Languages>
</ImportExportXml>