{
  "properties": {
    "connectionReferences": {
      "shared_sharepointonline_1": {
        "runtimeSource": "invoker",
        "connection": {
          "connectionReferenceLogicalName": "ds__ConnectionReferencetoSharePoint"
        },
        "api": {
          "name": "shared_sharepointonline"
        }
      },
      "shared_wordonlinebusiness_1": {
        "runtimeSource": "invoker",
        "connection": {
          "connectionReferenceLogicalName": "ds__sharedwordonlinebusiness_18fc0"
        },
        "api": {
          "name": "shared_wordonlinebusiness"
        }
      }
    },
    "definition": {
      "$schema": "https://schema.management.azure.com/providers/Microsoft.Logic/schemas/2016-06-01/workflowdefinition.json#",
      "contentVersion": "1.0.0.0",
      "parameters": {
        "$connections": {
          "defaultValue": {},
          "type": "Object"
        },
        "$authentication": {
          "defaultValue": {},
          "type": "SecureObject"
        },
        "SharePoint URL (ds__SharePointURL)": {
          "defaultValue": "https://decisionforward.sharepoint.com/sites/PowerPlatformLab",
          "type": "String",
          "metadata": {
            "schemaName": "ds__SharePointURL"
          }
        }
      },
      "triggers": {
        "manual": {
          "metadata": {
            "operationMetadataId": "0473bf7c-d3a0-4c0e-a57e-67183dc28547"
          },
          "type": "Request",
          "kind": "PowerAppV2",
          "inputs": {
            "schema": {
              "type": "object",
              "properties": {
                "text": {
                  "title": "InputFirst",
                  "type": "string",
                  "x-ms-dynamically-added": true,
                  "description": "Please enter your input",
                  "x-ms-content-hint": "TEXT"
                },
                "text_1": {
                  "title": "InputID",
                  "type": "string",
                  "x-ms-dynamically-added": true,
                  "description": "Please enter your input",
                  "x-ms-content-hint": "TEXT"
                },
                "text_2": {
                  "title": "InputEmail",
                  "type": "string",
                  "x-ms-dynamically-added": true,
                  "description": "Please enter your input",
                  "x-ms-content-hint": "TEXT"
                },
                "text_3": {
                  "title": "InputIPAddr",
                  "type": "string",
                  "x-ms-dynamically-added": true,
                  "description": "Please enter your input",
                  "x-ms-content-hint": "TEXT"
                }
              },
              "required": [
                "text",
                "text_1",
                "text_2",
                "text_3"
              ]
            }
          }
        }
      },
      "actions": {
        "Create_WORD": {
          "runAfter": {
            "Populate_a_Microsoft_Word_template": [
              "Succeeded"
            ]
          },
          "metadata": {
            "operationMetadataId": "76f5da40-043e-4a82-9e83-9957a935389a"
          },
          "type": "OpenApiConnection",
          "inputs": {
            "host": {
              "connectionName": "shared_sharepointonline_1",
              "operationId": "CreateFile",
              "apiId": "/providers/Microsoft.PowerApps/apis/shared_sharepointonline"
            },
            "parameters": {
              "dataset": "@parameters('SharePoint URL (ds__SharePointURL)')",
              "folderPath": "/Shared Documents",
              "name": "@{guid()}.docx",
              "body": "@body('Populate_a_Microsoft_Word_template')"
            },
            "authentication": "@parameters('$authentication')"
          },
          "runtimeConfiguration": {
            "contentTransfer": {
              "transferMode": "Chunked"
            }
          }
        },
        "Convert_Word_Document_to_PDF": {
          "runAfter": {
            "Create_WORD": [
              "Succeeded"
            ]
          },
          "metadata": {
            "operationMetadataId": "0617861f-6b07-4c6e-a31c-82b3b1e3414a"
          },
          "type": "OpenApiConnection",
          "inputs": {
            "host": {
              "connectionName": "shared_wordonlinebusiness_1",
              "operationId": "GetFilePDF",
              "apiId": "/providers/Microsoft.PowerApps/apis/shared_wordonlinebusiness"
            },
            "parameters": {
              "source": "@parameters('SharePoint URL (ds__SharePointURL)')",
              "drive": "b!QDz-edNht0K8UEazfg0BrJ89ubcVY11ApeKaSso-BfFAuBNQJBfNTKZ16lGiLEtw",
              "file": "@outputs('Create_WORD')?['body/Name']"
            },
            "authentication": "@parameters('$authentication')"
          }
        },
        "Create_PDF": {
          "runAfter": {
            "Convert_Word_Document_to_PDF": [
              "Succeeded"
            ]
          },
          "metadata": {
            "operationMetadataId": "e4515d8a-e5bf-4bba-878d-489fd3ca281a"
          },
          "type": "OpenApiConnection",
          "inputs": {
            "host": {
              "connectionName": "shared_sharepointonline_1",
              "operationId": "CreateFile",
              "apiId": "/providers/Microsoft.PowerApps/apis/shared_sharepointonline"
            },
            "parameters": {
              "dataset": "@parameters('SharePoint URL (ds__SharePointURL)')",
              "folderPath": "/Shared Documents",
              "name": "@{outputs('Create_WORD')?['body/DisplayName']}.pdf",
              "body": "@body('Convert_Word_Document_to_PDF')"
            },
            "authentication": "@parameters('$authentication')"
          },
          "runtimeConfiguration": {
            "contentTransfer": {
              "transferMode": "Chunked"
            }
          }
        },
        "Get_file_properties": {
          "runAfter": {
            "Create_PDF": [
              "Succeeded"
            ]
          },
          "metadata": {
            "operationMetadataId": "b34be94a-1048-4dfa-acab-ff1881bf8e5c"
          },
          "type": "OpenApiConnection",
          "inputs": {
            "host": {
              "connectionName": "shared_sharepointonline_1",
              "operationId": "GetFileItem",
              "apiId": "/providers/Microsoft.PowerApps/apis/shared_sharepointonline"
            },
            "parameters": {
              "dataset": "@parameters('SharePoint URL (ds__SharePointURL)')",
              "table": "5013b840-1724-4ccd-a675-ea51a22c4b70",
              "id": "@outputs('Create_PDF')?['body/ItemId']"
            },
            "authentication": "@parameters('$authentication')"
          }
        },
        "Respond_to_a_PowerApp_or_flow": {
          "runAfter": {
            "Delete_file": [
              "Succeeded"
            ]
          },
          "metadata": {
            "operationMetadataId": "1acc0d01-b641-4c69-8244-423f0b746942"
          },
          "type": "Response",
          "kind": "PowerApp",
          "inputs": {
            "statusCode": 200,
            "body": {
              "downloadlink": "@outputs('Get_file_properties')?['body/{Link}']"
            },
            "schema": {
              "type": "object",
              "properties": {
                "downloadlink": {
                  "title": "downloadLink",
                  "x-ms-dynamically-added": true,
                  "type": "string"
                }
              }
            }
          }
        },
        "Delete_file": {
          "runAfter": {
            "Get_file_properties": [
              "Succeeded"
            ]
          },
          "metadata": {
            "operationMetadataId": "1705fbe0-f88c-4e01-a2ca-b318704dc736"
          },
          "type": "OpenApiConnection",
          "inputs": {
            "host": {
              "connectionName": "shared_sharepointonline_1",
              "operationId": "DeleteFile",
              "apiId": "/providers/Microsoft.PowerApps/apis/shared_sharepointonline"
            },
            "parameters": {
              "dataset": "@parameters('SharePoint URL (ds__SharePointURL)')",
              "id": "@outputs('Create_WORD')?['body/Id']"
            },
            "authentication": "@parameters('$authentication')"
          }
        },
        "Populate_a_Microsoft_Word_template": {
          "runAfter": {},
          "metadata": {
            "01FBNCAHT72TCQWKRFFZALNVXMNGRSTM2Q": "/MOCtemplate.docx",
            "operationMetadataId": "3e5a2fa6-9afe-4c8b-abc0-e9e01f6ff357"
          },
          "type": "OpenApiConnection",
          "inputs": {
            "host": {
              "connectionName": "shared_wordonlinebusiness_1",
              "operationId": "CreateFileItem",
              "apiId": "/providers/Microsoft.PowerApps/apis/shared_wordonlinebusiness"
            },
            "parameters": {
              "source": "@parameters('SharePoint URL (ds__SharePointURL)')",
              "drive": "b!QDz-edNht0K8UEazfg0BrJ89ubcVY11ApeKaSso-BfFAuBNQJBfNTKZ16lGiLEtw",
              "file": "01FBNCAHT72TCQWKRFFZALNVXMNGRSTM2Q",
              "dynamicFileSchema/244690092": "@triggerBody()['text_3']",
              "dynamicFileSchema/1180399446": "@triggerBody()['text']",
              "dynamicFileSchema/-2049910937": "@triggerBody()['text_1']",
              "dynamicFileSchema/-1049452919": "@triggerBody()['text_2']"
            },
            "authentication": "@parameters('$authentication')"
          }
        }
      },
      "outputs": {}
    }
  },
  "schemaVersion": "1.0.0.0"
}