{
  "properties": {
    "connectionReferences": {
      "shared_sharepointonline_1": {
        "runtimeSource": "embedded",
        "connection": {
          "connectionReferenceLogicalName": "ds__ConnectionReferencetoSharePoint"
        },
        "api": {
          "name": "shared_sharepointonline"
        }
      }
    },
    "definition": {
      "$schema": "https://schema.management.azure.com/providers/Microsoft.Logic/schemas/2016-06-01/workflowdefinition.json#",
      "contentVersion": "1.0.0.0",
      "parameters": {
        "$connections": {
          "defaultValue": {},
          "type": "Object"
        },
        "$authentication": {
          "defaultValue": {},
          "type": "SecureObject"
        },
        "SharePoint URL (ds__SharePointURL)": {
          "defaultValue": "https://decisionforward.sharepoint.com/sites/PowerPlatformLab",
          "type": "String",
          "metadata": {
            "schemaName": "ds__SharePointURL"
          }
        }
      },
      "triggers": {
        "Recurrence": {
          "recurrence": {
            "frequency": "Day",
            "interval": 1,
            "timeZone": "Eastern Standard Time",
            "startTime": "2022-06-29T14:00:00Z",
            "schedule": {
              "hours": [
                "0",
                "12"
              ]
            }
          },
          "metadata": {
            "operationMetadataId": "f1eb37d8-df98-43e8-9cdc-fe058d017a33"
          },
          "type": "Recurrence"
        }
      },
      "actions": {
        "Apply_to_each": {
          "foreach": "@outputs('Get_files_(properties_only)')?['body/value']",
          "actions": {
            "Condition": {
              "actions": {},
              "runAfter": {},
              "else": {
                "actions": {
                  "Delete_file": {
                    "runAfter": {},
                    "metadata": {
                      "operationMetadataId": "8128c5ba-c525-4ce6-bcc3-d4e74d07aac6"
                    },
                    "type": "OpenApiConnection",
                    "inputs": {
                      "host": {
                        "connectionName": "shared_sharepointonline_1",
                        "operationId": "DeleteFile",
                        "apiId": "/providers/Microsoft.PowerApps/apis/shared_sharepointonline"
                      },
                      "parameters": {
                        "dataset": "@parameters('SharePoint URL (ds__SharePointURL)')",
                        "id": "@items('Apply_to_each')?['{Identifier}']"
                      },
                      "authentication": "@parameters('$authentication')"
                    }
                  }
                }
              },
              "expression": {
                "or": [
                  {
                    "equals": [
                      "@items('Apply_to_each')?['{FilenameWithExtension}']",
                      "template.docx"
                    ]
                  },
                  {
                    "equals": [
                      "@items('Apply_to_each')?['{FilenameWithExtension}']",
                      "MOCtemplate.docx"
                    ]
                  }
                ]
              },
              "metadata": {
                "operationMetadataId": "af9785cc-a034-4d3b-b03c-3c8a21045338"
              },
              "type": "If"
            }
          },
          "runAfter": {
            "Get_files_(properties_only)": [
              "Succeeded"
            ]
          },
          "metadata": {
            "operationMetadataId": "5dd8f32b-3a25-4fe3-9174-80ed7816c566"
          },
          "type": "Foreach"
        },
        "Get_files_(properties_only)": {
          "runAfter": {},
          "metadata": {
            "operationMetadataId": "5c084eb9-bd38-4ad3-9d95-16f13d0c25fd"
          },
          "type": "OpenApiConnection",
          "inputs": {
            "host": {
              "connectionName": "shared_sharepointonline_1",
              "operationId": "GetFileItems",
              "apiId": "/providers/Microsoft.PowerApps/apis/shared_sharepointonline"
            },
            "parameters": {
              "dataset": "@parameters('SharePoint URL (ds__SharePointURL)')",
              "table": "5013b840-1724-4ccd-a675-ea51a22c4b70",
              "viewScopeOption": "Default"
            },
            "authentication": "@parameters('$authentication')"
          }
        }
      }
    }
  },
  "schemaVersion": "1.0.0.0"
}